date,number,speaker1,party_speaker1,role_speaker1,speaker2,party_speaker2,role_speaker2
09.02.2015,1,Зоран Заев,СДСМ,политичар,Новинар од РСЕ,Независен,новинар
09.02.2015,2,Зоран Заев,СДСМ,политичар,Радмила Шекеринска,СДСМ,политичар
09.02.2015,3,Зоран Заев,СДСМ,политичар,Ќерка му на Заев,Независен,семејство
09.02.2015,4,Гордана Јанкуловска,ВМРО-ДПМНЕ,политичар,Зоран Ставрески,ВМРО-ДПМНЕ,политичар
09.02.2015,5,Љубчо Георгиевски,ВМРО-ДПМНЕ,политичар,Соговорник 01,,
09.02.2015,6,Љубчо Георгиевски,ВМРО-ДПМНЕ,политичар,Соговорник 02,,
09.02.2015,7,Али Ахмети,,политичар,Соговорник 03,,
09.02.2015,8,Мендух Тачи,,политичар,Соговорник 04,,
09.02.2015,9,Бујар Османи,,политичар,Соговорник 05,,
15.02.2015,1,Гордана Јанкуловска,ВМРО-ДПМНЕ,политичар,Михајло Маневски,,
15.02.2015,2,Сашо Мијалков,ВМРО-ДПМНЕ,политичар,Муса Џафери,,
15.02.2015,3,Гордана Јанкуловска,ВМРО-ДПМНЕ,политичар,Зоран Ставрески,ВМРО-ДПМНЕ,политичар
15.02.2015,4,Гордана Јанкуловска,ВМРО-ДПМНЕ,политичар,Марјан Ристески,,
15.02.2015,5,Драган Павловиќ Латас,Независен,новинар,Филимена Маневска,ВМРО-ДПМНЕ,политичар
20.02.2015,1,Драган Павловиќ Латас,Независен,новинар,Сашо Мијалков,ВМРО-ДПМНЕ,политичар
20.02.2015,2,Драган Павловиќ Латас,Независен,новинар,Сашо Мијалков,ВМРО-ДПМНЕ,политичар
20.02.2015,3,Драган Павловиќ Латас,Независен,новинар,Сашо Мијалков,ВМРО-ДПМНЕ,политичар
20.02.2015,4,Емил Стојменов,,,Сашо Мијалков,ВМРО-ДПМНЕ,политичар
20.02.2015,5,Гордана Јанкуловска,ВМРО-ДПМНЕ,политичар,Мартин Протугер,ВМРО-ДПМНЕ,политичар
20.02.2015,6,Гордана Јанкуловска,ВМРО-ДПМНЕ,политичар,Мартин Протугер,ВМРО-ДПМНЕ,политичар
20.02.2015,7,Гордана Јанкуловска,ВМРО-ДПМНЕ,политичар,Иво Котевски,,
25.02.2015,1,Гордана Јанкуловска,ВМРО-ДПМНЕ,политичар,Мартин Протугер,ВМРО-ДПМНЕ,политичар
25.02.2015,2,Драган Павловиќ Латас,Независен,новинар,Елизабета Канческа-Милевска,,
25.02.2015,3,Иво Котевски,,,Гордана Јанкуловска,ВМРО-ДПМНЕ,политичар
25.02.2015,4,Сашо Мијалков,ВМРО-ДПМНЕ,политичар,Драган Павловиќ Латас,Независен,новинар
25.02.2015,5,Гордана Јанкуловска,ВМРО-ДПМНЕ,политичар,Сашо Мијалков,ВМРО-ДПМНЕ,политичар
25.02.2015,6,Миле Јанакиески,ВМРО-ДПМНЕ,политичар,Никола Груевски,ВМРО-ДПМНЕ,политичар
27.02.2015,1,Миле Јанакиески,ВМРО-ДПМНЕ,политичар,Никола Груевски,ВМРО-ДПМНЕ,политичар
27.02.2015,2,Миле Јанакиески,ВМРО-ДПМНЕ,политичар,Никола Груевски,ВМРО-ДПМНЕ,политичар
27.02.2015,3,Миле Јанакиески,ВМРО-ДПМНЕ,политичар,Никола Груевски,ВМРО-ДПМНЕ,политичар
27.02.2015,4,Миле Јанакиески,ВМРО-ДПМНЕ,политичар,Никола Груевски,ВМРО-ДПМНЕ,политичар
27.02.2015,5,Миле Јанакиески,ВМРО-ДПМНЕ,политичар,Никола Груевски,ВМРО-ДПМНЕ,политичар
27.02.2015,6,Миле Јанакиески,ВМРО-ДПМНЕ,политичар,Никола Груевски,ВМРО-ДПМНЕ,политичар
27.02.2015,7,Миле Јанакиески,ВМРО-ДПМНЕ,политичар,Никола Груевски,ВМРО-ДПМНЕ,политичар
27.02.2015,8,Миле Јанакиески,ВМРО-ДПМНЕ,политичар,Никола Груевски,ВМРО-ДПМНЕ,политичар
27.02.2015,9,Миле Јанакиески,ВМРО-ДПМНЕ,политичар,Никола Груевски,ВМРО-ДПМНЕ,политичар
02.03.2015,1,Гордана Јанкуловска,ВМРО-ДПМНЕ,политичар,Зоран Ставрески,ВМРО-ДПМНЕ,политичар
02.03.2015,2,Гордана Јанкуловска,ВМРО-ДПМНЕ,политичар,Зоран Ставрески,ВМРО-ДПМНЕ,политичар
02.03.2015,3,Гордана Јанкуловска,ВМРО-ДПМНЕ,политичар,Зоран Ставрески,ВМРО-ДПМНЕ,политичар
02.03.2015,4,Гордана Јанкуловска,ВМРО-ДПМНЕ,политичар,Зоран Ставрески,ВМРО-ДПМНЕ,политичар
02.03.2015,5,Гордана Јанкуловска,ВМРО-ДПМНЕ,политичар,Зоран Ставрески,ВМРО-ДПМНЕ,политичар
02.03.2015,6,Гордана Јанкуловска,ВМРО-ДПМНЕ,политичар,Зоран Ставрески,ВМРО-ДПМНЕ,политичар
02.03.2015,7,Гордана Јанкуловска,ВМРО-ДПМНЕ,политичар,Зоран Ставрески,ВМРО-ДПМНЕ,политичар
02.03.2015,8,Гордана Јанкуловска,ВМРО-ДПМНЕ,политичар,Зоран Ставрески,ВМРО-ДПМНЕ,политичар
02.03.2015,9,Гордана Јанкуловска,ВМРО-ДПМНЕ,политичар,Зоран Ставрески,ВМРО-ДПМНЕ,политичар
02.03.2015,10,Гордана Јанкуловска,ВМРО-ДПМНЕ,политичар,Зоран Ставрески,ВМРО-ДПМНЕ,политичар
02.03.2015,11,Гордана Јанкуловска,ВМРО-ДПМНЕ,политичар,Зоран Ставрески,ВМРО-ДПМНЕ,политичар
02.03.2015,12,Гордана Јанкуловска,ВМРО-ДПМНЕ,политичар,Зоран Ставрески,ВМРО-ДПМНЕ,политичар
06.03.2015,1,Гордана Јанкуловска,ВМРО-ДПМНЕ,политичар,Кирил Божиновски,,
06.03.2015,2,Миле Јанакиески,ВМРО-ДПМНЕ,политичар,Соговорник 06,,
06.03.2015,3,Гордана Јанкуловска,ВМРО-ДПМНЕ,политичар,Соговорник 07,,
06.03.2015,4,Миле Јанакиески,ВМРО-ДПМНЕ,политичар,Никола Груевски,ВМРО-ДПМНЕ,политичар
06.03.2015,5,Гордана Јанкуловска,ВМРО-ДПМНЕ,политичар,Мартин Протугер,ВМРО-ДПМНЕ,политичар
06.03.2015,6,Миле Јанакиески,ВМРО-ДПМНЕ,политичар,Соговорник (Стевче),,
06.03.2015,7,Миле Јанакиески,ВМРО-ДПМНЕ,политичар,Горан Трајковски,,
06.03.2015,8,Миле Јанакиески,ВМРО-ДПМНЕ,политичар,Соговорник 08,,
06.03.2015,9,Миле Јанакиески,ВМРО-ДПМНЕ,политичар,Спиро Ристовски,,
06.03.2015,10,Миле Јанакиески,ВМРО-ДПМНЕ,политичар,Соговорник 09,,
06.03.2015,11,Миле Јанакиески,ВМРО-ДПМНЕ,политичар,Соговорник 10,,
06.03.2015,12,Миле Јанакиески,ВМРО-ДПМНЕ,политичар,Соговорник 11,,
06.03.2015,13,Миле Јанакиески,ВМРО-ДПМНЕ,политичар,Љупчо Димовски,,
06.03.2015,14,Миле Јанакиески,ВМРО-ДПМНЕ,политичар,Душко Миновски,,
06.03.2015,15,Гордана Јанкуловска,ВМРО-ДПМНЕ,политичар,Соговорник 12,,
06.03.2015,16,Гордана Јанкуловска,ВМРО-ДПМНЕ,политичар,Соговорник 13,,
06.03.2015,17,Гордана Јанкуловска,ВМРО-ДПМНЕ,политичар,Соговорник 14,,
06.03.2015,18,Миле Јанакиески,ВМРО-ДПМНЕ,политичар,Соговорник 15,,
06.03.2015,19,Гордана Јанкуловска,ВМРО-ДПМНЕ,политичар,Соговорник 16,,
06.03.2015,20,Миле Јанакиески,ВМРО-ДПМНЕ,политичар,Соговорник 17,,
06.03.2015,21,Миле Јанакиески,ВМРО-ДПМНЕ,политичар,Ирена Мишева,,
06.03.2015,22,Миле Јанакиески,ВМРО-ДПМНЕ,политичар,Соговорник 18,,
06.03.2015,23,Миле Јанакиески,ВМРО-ДПМНЕ,политичар,Ирена Мишева,,
06.03.2015,24,Мартин Протугер,ВМРО-ДПМНЕ,политичар,Емил Стојменов,,
06.03.2015,25,Мартин Протугер,ВМРО-ДПМНЕ,политичар,Влатко Мијалков,ВМРО-ДПМНЕ,политичар
06.03.2015,26,Драган Павловиќ Латас,Независен,новинар,Зоран Коњановски,,
06.03.2015,27,Миле Јанакиески,ВМРО-ДПМНЕ,политичар,Соговорник 19,,
06.03.2015,28,Миле Јанакиески,ВМРО-ДПМНЕ,политичар,Никола Груевски,ВМРО-ДПМНЕ,политичар
06.03.2015,29,Гордана Јанкуловска,ВМРО-ДПМНЕ,политичар,Миле Јанакиески,ВМРО-ДПМНЕ,политичар
06.03.2015,30,Миле Јанакиески,ВМРО-ДПМНЕ,политичар,Ирена Мишева,,
06.03.2015,31,Гордана Јанкуловска,ВМРО-ДПМНЕ,политичар,Кирил Божиновски,,
06.03.2015,32,Миле Јанакиески,ВМРО-ДПМНЕ,политичар,Спиро Ристовски,,
06.03.2015,33,Гордана Јанкуловска,ВМРО-ДПМНЕ,политичар,Соговорник 20,,
06.03.2015,34,Миле Јанакиески,ВМРО-ДПМНЕ,политичар,Соговорник 21,,
06.03.2015,35,Миле Јанакиески,ВМРО-ДПМНЕ,политичар,Гордана Јанкуловска,ВМРО-ДПМНЕ,политичар
06.03.2015,36,Гордана Јанкуловска,ВМРО-ДПМНЕ,политичар,Кирил Божиновски,,
06.03.2015,37,Гордана Јанкуловска,ВМРО-ДПМНЕ,политичар,Никола Тодоров,,
06.03.2015,38,Гордана Јанкуловска,ВМРО-ДПМНЕ,политичар,Васил Пишев,,
06.03.2015,39,Гордана Јанкуловска,ВМРО-ДПМНЕ,политичар,Славе Гошев,,
06.03.2015,40,Гордана Јанкуловска,ВМРО-ДПМНЕ,политичар,Миле Јанакиески,ВМРО-ДПМНЕ,политичар
06.03.2015,41,Гордана Јанкуловска,ВМРО-ДПМНЕ,политичар,Мартин Протугер,ВМРО-ДПМНЕ,политичар
10.03.2015,1,Гордана Јанкуловска,ВМРО-ДПМНЕ,политичар,Спиро Ристовски,,
10.03.2015,2,Миле Јанакиески,ВМРО-ДПМНЕ,политичар,Сашо Мијалков,ВМРО-ДПМНЕ,политичар
10.03.2015,3,Мендух Тачи,,политичар,Сашо Мијалков,ВМРО-ДПМНЕ,политичар
10.03.2015,4,Гордана Јанкуловска,ВМРО-ДПМНЕ,политичар,Зоран Ставрески,ВМРО-ДПМНЕ,политичар
10.03.2015,5,Гордана Јанкуловска,ВМРО-ДПМНЕ,политичар,Зоран Ставрески,ВМРО-ДПМНЕ,политичар
10.03.2015,6,Мартин Протугер,ВМРО-ДПМНЕ,политичар,Гордана Јанкуловска,ВМРО-ДПМНЕ,политичар
10.03.2015,7,Мартин Протугер,ВМРО-ДПМНЕ,политичар,Љупчо Тодоровски,,
10.03.2015,8,Миле Јанакиески,ВМРО-ДПМНЕ,политичар,Никола Тодоров,,
10.03.2015,9,Гордана Јанкуловска,ВМРО-ДПМНЕ,политичар,Кирил Божиновски,,
10.03.2015,10,Миле Јанакиески,ВМРО-ДПМНЕ,политичар,Сашо Мијалков,ВМРО-ДПМНЕ,политичар
10.03.2015,11,Зоран Ставрески,ВМРО-ДПМНЕ,политичар,Гордана Јанкуловска,ВМРО-ДПМНЕ,политичар
10.03.2015,12,Миле Јанакиески,ВМРО-ДПМНЕ,политичар,Кирил Божиновски,,
10.03.2015,13,Гордана Јанкуловска,ВМРО-ДПМНЕ,политичар,Кирил Божиновски,,
10.03.2015,14,Влатко Мијалков,ВМРО-ДПМНЕ,политичар,Миле Јанакиески,ВМРО-ДПМНЕ,политичар
10.03.2015,15,Елизабета Канческа-Милевска,ВМРО-ДПМНЕ,политичар,Миле Јанакиески,ВМРО-ДПМНЕ,политичар
10.03.2015,16,Сашо Мијалков,ВМРО-ДПМНЕ,политичар,Соговорник 22,,
10.03.2015,17,Миле Јанакиески,ВМРО-ДПМНЕ,политичар,Соговорник (Ѓоко),,
11.03.2015,1,Миле Јанакиески,ВМРО-ДПМНЕ,политичар,Сашо Мијалков,ВМРО-ДПМНЕ,политичар
11.03.2015,2,Миле Јанакиески,ВМРО-ДПМНЕ,политичар,Сашо Мијалков,ВМРО-ДПМНЕ,политичар
11.03.2015,3,Миле Јанакиески,ВМРО-ДПМНЕ,политичар,Соговорник 23,,
11.03.2015,4,Гордана Јанкуловска,ВМРО-ДПМНЕ,политичар,Соговорник (Ане),,
11.03.2015,5,Миле Јанакиески,ВМРО-ДПМНЕ,политичар,Сашо Мијалков,ВМРО-ДПМНЕ,политичар
11.03.2015,6,Зоран Ставрески,ВМРО-ДПМНЕ,политичар,Гордана Јанкуловска,ВМРО-ДПМНЕ,политичар
11.03.2015,7,Миле Јанакиески,ВМРО-ДПМНЕ,политичар,Жарко Луковски,,
11.03.2015,8,Стевчо Јакимовски,,,Сашо Мијалков,ВМРО-ДПМНЕ,политичар
11.03.2015,9,Миле Јанакиески,ВМРО-ДПМНЕ,политичар,Соговорник 24,,
11.03.2015,10,Миле Јанакиески,ВМРО-ДПМНЕ,политичар,Директорка на дом,,
12.03.2015,1,Миле Јанакиески,ВМРО-ДПМНЕ,политичар,Никола Груевски,ВМРО-ДПМНЕ,политичар
12.03.2015,2,Миле Јанакиески,ВМРО-ДПМНЕ,политичар,Соговорник 25,,
12.03.2015,3,Миле Јанакиески,ВМРО-ДПМНЕ,политичар,Сашо Мијалков,ВМРО-ДПМНЕ,политичар
12.03.2015,4,Миле Јанакиески,ВМРО-ДПМНЕ,политичар,Ирена Мишева,,
12.03.2015,5,Миле Јанакиески,ВМРО-ДПМНЕ,политичар,Сашо Мијалков,ВМРО-ДПМНЕ,политичар
12.03.2015,6,Драган Павловиќ Латас,Независен,новинар,Сашо Мијалков,ВМРО-ДПМНЕ,политичар
15.03.2015,1,Миле Јанакиески,ВМРО-ДПМНЕ,политичар,Никола Груевски,ВМРО-ДПМНЕ,политичар
15.03.2015,2,Дејан Митровски-Урко,,,Сашо Мијалков,ВМРО-ДПМНЕ,политичар
15.03.2015,3,Миле Јанакиески,ВМРО-ДПМНЕ,политичар,Никола Груевски,ВМРО-ДПМНЕ,политичар
15.03.2015,4,Миле Јанакиески,ВМРО-ДПМНЕ,политичар,Никола Груевски,ВМРО-ДПМНЕ,политичар
15.03.2015,5,Миле Јанакиески,ВМРО-ДПМНЕ,политичар,Никола Груевски,ВМРО-ДПМНЕ,политичар
18.03.2015,1,Миле Јанакиески,ВМРО-ДПМНЕ,политичар,Соговорник (Ѓоко),,
18.03.2015,2,Миле Јанакиески,ВМРО-ДПМНЕ,политичар,Спиро Ристовски,,
18.03.2015,3,Миле Јанакиески,ВМРО-ДПМНЕ,политичар,Соговорник (Ѓоко),,
18.03.2015,4,Силвана Бонева,ВМРО-ДПМНЕ,политичар,Никола Груевски,ВМРО-ДПМНЕ,политичар
18.03.2015,5,Гордана Јанкуловска,ВМРО-ДПМНЕ,политичар,Славе Гошев,,
18.03.2015,6,Миле Јанакиески,ВМРО-ДПМНЕ,политичар,Маријан Наковски,,
18.03.2015,7,Драган Павловиќ Латас,Независен,новинар,Никола Груевски,ВМРО-ДПМНЕ,политичар
18.03.2015,8,Гордана Јанкуловска,ВМРО-ДПМНЕ,политичар,Зоран Ставрески,ВМРО-ДПМНЕ,политичар
18.03.2015,9,Миле Јанакиески,ВМРО-ДПМНЕ,политичар,Јово Вангеловски,,
19.03.2015,1,Филимена Маневска,ВМРО-ДПМНЕ,политичар,Влатко Мијалков,ВМРО-ДПМНЕ,политичар
19.03.2015,2,Гордана Јанкуловска,ВМРО-ДПМНЕ,политичар,Мартин Протугер,ВМРО-ДПМНЕ,политичар
19.03.2015,3,Гордана Јанкуловска,ВМРО-ДПМНЕ,политичар,Сашо Мијалков,ВМРО-ДПМНЕ,политичар
19.03.2015,4,Гордана Јанкуловска,ВМРО-ДПМНЕ,политичар,Сашо Мијалков,ВМРО-ДПМНЕ,политичар
19.03.2015,5,Гордана Јанкуловска,ВМРО-ДПМНЕ,политичар,Сашо Мијалков,ВМРО-ДПМНЕ,политичар
19.03.2015,6,Гордана Јанкуловска,ВМРО-ДПМНЕ,политичар,Александра Зафировска,,
19.03.2015,7,Гордана Јанкуловска,ВМРО-ДПМНЕ,политичар,Љупчо Шврговски,,
19.03.2015,8,Блерим Беџети,,,Муса Џафери,,
19.03.2015,9,Блерим Беџети,,,Муса Џафери,,
19.03.2015,10,Софија Лаличиќ,,,Сашо Мијалков,ВМРО-ДПМНЕ,политичар
23.03.2015,1,Миле Јанакиески,ВМРО-ДПМНЕ,политичар,Никола Груевски,ВМРО-ДПМНЕ,политичар
23.03.2015,2,Миле Јанакиески,ВМРО-ДПМНЕ,политичар,Никола Груевски,ВМРО-ДПМНЕ,политичар
23.03.2015,3,Миле Јанакиески,ВМРО-ДПМНЕ,политичар,Никола Груевски,ВМРО-ДПМНЕ,политичар
23.03.2015,4,Миле Јанакиески,ВМРО-ДПМНЕ,политичар,Никола Груевски,ВМРО-ДПМНЕ,политичар
23.03.2015,5,Миле Јанакиески,ВМРО-ДПМНЕ,политичар,Никола Груевски,ВМРО-ДПМНЕ,политичар
23.03.2015,6,Миле Јанакиески,ВМРО-ДПМНЕ,политичар,Никола Груевски,ВМРО-ДПМНЕ,политичар
23.03.2015,7,Миле Јанакиески,ВМРО-ДПМНЕ,политичар,Никола Груевски,ВМРО-ДПМНЕ,политичар
23.03.2015,8,Миле Јанакиески,ВМРО-ДПМНЕ,политичар,Никола Груевски,ВМРО-ДПМНЕ,политичар
23.03.2015,9,Миле Јанакиески,ВМРО-ДПМНЕ,политичар,Никола Груевски,ВМРО-ДПМНЕ,политичар
26.03.2015,1,Влатко Чинговски,,,Никола Груевски,ВМРО-ДПМНЕ,политичар
26.03.2015,2,Миле Јанакиески,ВМРО-ДПМНЕ,политичар,Никола Груевски,ВМРО-ДПМНЕ,политичар
26.03.2015,3,Миле Јанакиески,ВМРО-ДПМНЕ,политичар,Никола Груевски,ВМРО-ДПМНЕ,политичар
26.03.2015,4,Миле Јанакиески,ВМРО-ДПМНЕ,политичар,Никола Груевски,ВМРО-ДПМНЕ,политичар
26.03.2015,5,Миле Јанакиески,ВМРО-ДПМНЕ,политичар,Соговорник 26,,
26.03.2015,6,Миле Јанакиески,ВМРО-ДПМНЕ,политичар,Никола Груевски,ВМРО-ДПМНЕ,политичар
26.03.2015,7,Миле Јанакиески,ВМРО-ДПМНЕ,политичар,Соговорник 27,,
01.04.2015,1,Светлана Костова,ВМРО-ДПМНЕ,политичар,Сашо Мијалков,ВМРО-ДПМНЕ,политичар
01.04.2015,2,Светлана Костова,ВМРО-ДПМНЕ,политичар,Хаим Хакеини,,
01.04.2015,3,Светлана Костова,ВМРО-ДПМНЕ,политичар,Сашо Мијалков,ВМРО-ДПМНЕ,политичар
01.04.2015,4,Светлана Костова,ВМРО-ДПМНЕ,политичар,Хаим Хакеини,,
01.04.2015,5,Светлана Костова,ВМРО-ДПМНЕ,политичар,Влатко Стојковиќ,,
01.04.2015,6,Светлана Костова,ВМРО-ДПМНЕ,политичар,Соговорник 28,,
01.04.2015,7,Светлана Костова,ВМРО-ДПМНЕ,политичар,Соговорник 29,,
01.04.2015,8,Светлана Костова,ВМРО-ДПМНЕ,политичар,Сашо Мијалков,ВМРО-ДПМНЕ,политичар
01.04.2015,9,Светлана Костова,ВМРО-ДПМНЕ,политичар,Сашо Мијалков,ВМРО-ДПМНЕ,политичар
01.04.2015,10,Светлана Костова,ВМРО-ДПМНЕ,политичар,Сашо Мијалков,ВМРО-ДПМНЕ,политичар
01.04.2015,11,Гордана Јанкуловска,ВМРО-ДПМНЕ,политичар,Зоран Ставрески,ВМРО-ДПМНЕ,политичар
01.04.2015,12,Гордана Јанкуловска,ВМРО-ДПМНЕ,политичар,Сашо Мијалков,ВМРО-ДПМНЕ,политичар
02.04.2015,1,Гордана Јанкуловска,ВМРО-ДПМНЕ,политичар,Кирил Божиновски,,
02.04.2015,2,Гордана Јанкуловска,ВМРО-ДПМНЕ,политичар,Соговорник (Ристе),,
02.04.2015,3,Гордана Јанкуловска,ВМРО-ДПМНЕ,политичар,Никола Тодоровски,,
02.04.2015,4,Гордана Јанкуловска,ВМРО-ДПМНЕ,политичар,Кирил Божиновски,,
02.04.2015,5,Гордана Јанкуловска,ВМРО-ДПМНЕ,политичар,Владимир Пешевски,,
02.04.2015,6,Гордана Јанкуловска,ВМРО-ДПМНЕ,политичар,Виктор Цветковски,,
04.04.2015,7,Зоран Ставрески,ВМРО-ДПМНЕ,политичар,Гордана Јанкуловска,ВМРО-ДПМНЕ,политичар
04.04.2015,8,Миле Јанакиески,ВМРО-ДПМНЕ,политичар,Марјан Ристески,,
04.04.2015,9,Миле Јанакиески,ВМРО-ДПМНЕ,политичар,Марјан Ристески,,
04.04.2015,10,Марјан Ристески,,,Гордана Јанкуловска,ВМРО-ДПМНЕ,политичар
04.04.2015,11,Миле Јанакиески,,,Марјан Ристески,,
04.04.2015,12,Зоран Ставрески,,,Марјан Ристески,,
04.04.2015,13,Соговорник (Дејан),,,Марјан Ристески,,
06.04.2015,1,Силвана Бонева,,,Никола Груевски,ВМРО-ДПМНЕ,политичар
06.04.2015,2,Силвана Бонева,,,Никола Груевски,ВМРО-ДПМНЕ,политичар
06.04.2015,3,Гордана Јанкуловска,ВМРО-ДПМНЕ,политичар,Зоран Ставрески,ВМРО-ДПМНЕ,политичар
06.04.2015,4,Гордана Јанкуловска,ВМРО-ДПМНЕ,политичар,Трајко Вељаноски,,
06.04.2015,5,Гордана Јанкуловска,ВМРО-ДПМНЕ,политичар,Билјана Бришкоска - Бошковски,,
06.04.2015,6,Гордана Јанкуловска,ВМРО-ДПМНЕ,политичар,Кирил Божиновски,,
06.04.2015,7,Гордана Јанкуловска,ВМРО-ДПМНЕ,политичар,Билјана Бришкоска - Бошковски,,
06.04.2015,8,Гордана Јанкуловска,ВМРО-ДПМНЕ,политичар,Трајко Вељаноски,,
06.04.2015,9,Гордана Јанкуловска,ВМРО-ДПМНЕ,политичар,Илија Димовски,,
06.04.2015,10,Гордана Јанкуловска,ВМРО-ДПМНЕ,политичар,Зоран Ставрески,ВМРО-ДПМНЕ,политичар
06.04.2015,11,Гордана Јанкуловска,ВМРО-ДПМНЕ,политичар,Зоран Ставрески,ВМРО-ДПМНЕ,политичар
06.04.2015,12,Ленче Самарџиевска,,,Никола Груевски,ВМРО-ДПМНЕ,политичар
06.04.2015,13,Гордана Јанкуловска,ВМРО-ДПМНЕ,политичар,Зоран Ставрески,ВМРО-ДПМНЕ,политичар
08.04.2015,1,Гордана Јанкуловска,ВМРО-ДПМНЕ,политичар,Зоран Ставрески,ВМРО-ДПМНЕ,политичар
08.04.2015,2,Миле Јанакиески,ВМРО-ДПМНЕ,политичар,Зоран Илијоски,,
08.04.2015,3,Владимир Талески,,,Влатко Мијалков,ВМРО-ДПМНЕ,политичар
08.04.2015,4,Владимир Талески,,,Влатко Мијалков,ВМРО-ДПМНЕ,политичар
08.04.2015,5,Влатко Чинговски,,,Силјан Мицевски,,
08.04.2015,6,Владимир Талески,,,Влатко Чинговски,,
08.04.2015,7,Миле Јанакиески,ВМРО-ДПМНЕ,политичар,Владимир Талески,,
08.04.2015,8,Влатко Чинговски,,,Мартин Протугер,ВМРО-ДПМНЕ,политичар
08.04.2015,9,Гордана Јанкуловска,ВМРО-ДПМНЕ,политичар,Никола Груевски,ВМРО-ДПМНЕ,политичар
08.04.2015,10,Гордана Јанкуловска,ВМРО-ДПМНЕ,политичар,Ленче Самарџиевска,,
08.04.2015,11,Гордана Јанкуловска,ВМРО-ДПМНЕ,политичар,Кирил Божиновски,,
08.04.2015,12,Антонио Милошоски,ВМРО-ДПМНЕ,политичар,Томе Аџиев,,
08.04.2015,13,Антонио Милошоски,ВМРО-ДПМНЕ,политичар,Томе Аџиев,,
14.04.2015,1,Гордана Јанкуловска,ВМРО-ДПМНЕ,политичар,Мартин Протугер,ВМРО-ДПМНЕ,политичар
14.04.2015,2,Гордана Јанкуловска,ВМРО-ДПМНЕ,политичар,Панче Кралев,,
14.04.2015,3,Гордана Јанкуловска,ВМРО-ДПМНЕ,политичар,Сашо Мијалков,ВМРО-ДПМНЕ,политичар
14.04.2015,4,Гордана Јанкуловска,ВМРО-ДПМНЕ,политичар,Сашо Мијалков,ВМРО-ДПМНЕ,политичар
14.04.2015,5,Гордана Јанкуловска,ВМРО-ДПМНЕ,политичар,Виолета Андонова,,
14.04.2015,6,Гордана Јанкуловска,ВМРО-ДПМНЕ,политичар,Илија Димовски,,
14.04.2015,7,Гордана Јанкуловска,ВМРО-ДПМНЕ,политичар,Сашо Мијалков,ВМРО-ДПМНЕ,политичар
14.04.2015,8,Гордана Јанкуловска,ВМРО-ДПМНЕ,политичар,Ленче Самарџиевска,,
14.04.2015,9,Гордана Јанкуловска,ВМРО-ДПМНЕ,политичар,Никола Груевски,ВМРО-ДПМНЕ,политичар
14.04.2015,10,Гордана Јанкуловска,ВМРО-ДПМНЕ,политичар,Сашо Мијалков,ВМРО-ДПМНЕ,политичар
14.04.2015,11,Гордана Јанкуловска,ВМРО-ДПМНЕ,политичар,Никола Груевски,ВМРО-ДПМНЕ,политичар
14.04.2015,12,Гордана Јанкуловска,ВМРО-ДПМНЕ,политичар,Трајко Вељаноски,,
14.04.2015,13,Гордана Јанкуловска,ВМРО-ДПМНЕ,политичар,Трајко Вељаноски,,
14.04.2015,14,Гордана Јанкуловска,ВМРО-ДПМНЕ,политичар,Влатко Илиевски,,
14.04.2015,15,Гордана Јанкуловска,ВМРО-ДПМНЕ,политичар,Никола Груевски,ВМРО-ДПМНЕ,политичар
14.04.2015,16,Гордана Јанкуловска,ВМРО-ДПМНЕ,политичар,Сашо Мијалков,ВМРО-ДПМНЕ,политичар
14.04.2015,17,Гордана Јанкуловска,ВМРО-ДПМНЕ,политичар,Сашо Мијалков,ВМРО-ДПМНЕ,политичар
14.04.2015,18,Гордана Јанкуловска,ВМРО-ДПМНЕ,политичар,Сашо Мијалков,ВМРО-ДПМНЕ,политичар
14.04.2015,19,Гордана Јанкуловска,ВМРО-ДПМНЕ,политичар,Зоран Ставрески,ВМРО-ДПМНЕ,политичар
16.04.2015,1,Мартин Протугер,ВМРО-ДПМНЕ,политичар,Драган Павловиќ Латас,Независен,новинар
16.04.2015,2,Гордана Јанкуловска,ВМРО-ДПМНЕ,политичар,Зоран Ставрески,ВМРО-ДПМНЕ,политичар
16.04.2015,3,Мартин Протугер,ВМРО-ДПМНЕ,политичар,Миле Јанакиески,ВМРО-ДПМНЕ,политичар
16.04.2015,4,Мартин Протугер,ВМРО-ДПМНЕ,политичар,Обезбедување на Никола Груевски,,
16.04.2015,5,Мартин Протугер,ВМРО-ДПМНЕ,политичар,Љупчо Тодоровски,,
16.04.2015,6,Гордана Јанкуловска,ВМРО-ДПМНЕ,политичар,Мартин Протугер,ВМРО-ДПМНЕ,политичар
16.04.2015,7,Гордана Јанкуловска,ВМРО-ДПМНЕ,политичар,Соговорник 30,,
16.04.2015,8,Миле Јанакиески,ВМРО-ДПМНЕ,политичар,Согооврник 31,,
16.04.2015,9,Гордана Јанкуловска,ВМРО-ДПМНЕ,политичар,Мартин Протугер,ВМРО-ДПМНЕ,политичар
16.04.2015,10,Мартин Протугер,ВМРО-ДПМНЕ,политичар,Миле Јанакиески,ВМРО-ДПМНЕ,политичар
16.04.2015,11,Мартин Протугер,ВМРО-ДПМНЕ,политичар,Љупчо Тодоровски,,
16.04.2015,12,Мартин Протугер,ВМРО-ДПМНЕ,политичар,Љупчо Тодоровски,,
16.04.2015,13,Мартин Протугер,ВМРО-ДПМНЕ,политичар,Љупчо Тодоровски,,
16.04.2015,14,Миле Јанакиески,ВМРО-ДПМНЕ,политичар,Мартин Протугер,ВМРО-ДПМНЕ,политичар
18.04.2015,1,Миле Јанакиески,ВМРО-ДПМНЕ,политичар,Никола Груевски,ВМРО-ДПМНЕ,политичар
18.04.2015,2,Миле Јанакиески,ВМРО-ДПМНЕ,политичар,Никола Груевски,ВМРО-ДПМНЕ,политичар
18.04.2015,3,Миле Јанакиески,ВМРО-ДПМНЕ,политичар,Никола Груевски,ВМРО-ДПМНЕ,политичар
18.04.2015,4,Миле Јанакиески,ВМРО-ДПМНЕ,политичар,Никола Груевски,ВМРО-ДПМНЕ,политичар
18.04.2015,5,Миле Јанакиески,ВМРО-ДПМНЕ,политичар,Никола Груевски,ВМРО-ДПМНЕ,политичар
18.04.2015,6,Гордана Јанкуловска,ВМРО-ДПМНЕ,политичар,Мартин Протугер,ВМРО-ДПМНЕ,политичар
18.04.2015,7,Миле Јанакиески,ВМРО-ДПМНЕ,политичар,Никола Груевски,ВМРО-ДПМНЕ,политичар
18.04.2015,8,Миле Јанакиески,ВМРО-ДПМНЕ,политичар,Никола Груевски,ВМРО-ДПМНЕ,политичар
18.04.2015,9,Миле Јанакиески,ВМРО-ДПМНЕ,политичар,Никола Груевски,ВМРО-ДПМНЕ,политичар
18.04.2015,10,Силвана Бонева,,,Надица Танчева Тулиева,,
18.04.2015,11,Гордана Јанкуловска,ВМРО-ДПМНЕ,политичар,Миле Јанакиески,ВМРО-ДПМНЕ,политичар
18.04.2015,12,Силвана Бонева,,,Надица Танчева Тулиева,,
18.04.2015,13,Ванчо Костадинов,,,Влатко Мијалков,ВМРО-ДПМНЕ,политичар
18.04.2015,14,Миле Јанакиески,ВМРО-ДПМНЕ,политичар,Александар Николовски,,
18.04.2015,15,Ванчо Костадинов,,,Миле Јанакиески,ВМРО-ДПМНЕ,политичар
18.04.2015,16,Ванчо Костадинов,,,Миле Јанакиески,ВМРО-ДПМНЕ,политичар
18.04.2015,17,Зоранчо Алексов,,,Влатко Мијалков,ВМРО-ДПМНЕ,политичар
18.04.2015,18,Гордана Јанкуловска,ВМРО-ДПМНЕ,политичар,Зоран Ставрески,ВМРО-ДПМНЕ,политичар
18.04.2015,19,Гордана Јанкуловска,ВМРО-ДПМНЕ,политичар,Зоран Ставрески,ВМРО-ДПМНЕ,политичар
18.04.2015,20,Гордана Јанкуловска,ВМРО-ДПМНЕ,политичар,Зоран Ставрески,ВМРО-ДПМНЕ,политичар
18.04.2015,21,Гордана Јанкуловска,ВМРО-ДПМНЕ,политичар,Зоран Ставрески,ВМРО-ДПМНЕ,политичар
18.04.2015,22,Гордана Јанкуловска,ВМРО-ДПМНЕ,политичар,Зоран Ставрески,ВМРО-ДПМНЕ,политичар
18.04.2015,23,Гордана Јанкуловска,ВМРО-ДПМНЕ,политичар,Зоран Ставрески,ВМРО-ДПМНЕ,политичар
18.04.2015,24,Гордана Јанкуловска,ВМРО-ДПМНЕ,политичар,Мартин Протугер,ВМРО-ДПМНЕ,политичар
18.04.2015,25,Гордана Јанкуловска,ВМРО-ДПМНЕ,политичар,Зоран Ставрески,ВМРО-ДПМНЕ,политичар
18.04.2015,26,Гордана Јанкуловска,ВМРО-ДПМНЕ,политичар,Зоран Ставрески,ВМРО-ДПМНЕ,политичар
18.04.2015,27,Гордана Јанкуловска,ВМРО-ДПМНЕ,политичар,Зоран Ставрески,ВМРО-ДПМНЕ,политичар
18.04.2015,28,Гордана Јанкуловска,ВМРО-ДПМНЕ,политичар,Зоран Ставрески,ВМРО-ДПМНЕ,политичар
22.04.2015,1,Гордана Јанкуловска,ВМРО-ДПМНЕ,политичар,Никола Груевски,ВМРО-ДПМНЕ,политичар
22.04.2015,2,Гордана Јанкуловска,ВМРО-ДПМНЕ,политичар,Мартин Протугер,ВМРО-ДПМНЕ,политичар
22.04.2015,3,Гордана Јанкуловска,ВМРО-ДПМНЕ,политичар,Мартин Протугер,ВМРО-ДПМНЕ,политичар
22.04.2015,4,Гордана Јанкуловска,ВМРО-ДПМНЕ,политичар,Мајран Цветковски,,
22.04.2015,5,Мартин Протугер,ВМРО-ДПМНЕ,политичар,Емил Стојменов,,
22.04.2015,6,Мартин Протугер,ВМРО-ДПМНЕ,политичар,Емил Стојменов,,
22.04.2015,7,Мартин Протугер,ВМРО-ДПМНЕ,политичар,Емил Стојменов,,
22.04.2015,8,Драган Павловиќ Латас,Независен,новинар,Сашо Мијалков,ВМРО-ДПМНЕ,политичар
22.04.2015,9,Драган Павловиќ Латас,Независен,новинар,Горан Иванов,,
22.04.2015,10,Гордана Јанкуловска,ВМРО-ДПМНЕ,политичар,Зоран Ставрески,ВМРО-ДПМНЕ,политичар
22.04.2015,11,Мартин Протугер,ВМРО-ДПМНЕ,политичар,Драган Павловиќ Латас,Независен,новинар
22.04.2015,12,Драган Павловиќ Латас,Независен,новинар,Горан Иванов,,
22.04.2015,13,Мартин Протугер,ВМРО-ДПМНЕ,политичар,Драган Павловиќ Латас,Независен,новинар
22.04.2015,14,Миле Јанакиески,ВМРО-ДПМНЕ,политичар,Горан Иванов,,
22.04.2015,15,Миле Јанакиески,ВМРО-ДПМНЕ,политичар,Горан Иванов,,
22.04.2015,16,Драган Павловиќ Латас,Независен,новинар,Соговорник 32,,
22.04.2015,17,Драган Павловиќ Латас,Независен,новинар,Соговорник 33,,
22.04.2015,18,Драган Павловиќ Латас,Независен,новинар,Горан Трајковски,,
22.04.2015,19,Драган Павловиќ Латас,Независен,новинар,Горан Трајковски,,
22.04.2015,20,Мартин Протугер,ВМРО-ДПМНЕ,политичар,Емил Стојменов,,
22.04.2015,21,Мартин Протугер,ВМРО-ДПМНЕ,политичар,Емил Стојменов,,
22.04.2015,22,Горан Иванов,,,Драган Павловиќ Латас,Независен,новинар
22.04.2015,23,Миле Јанакиески,ВМРО-ДПМНЕ,политичар,Горан Иванов,,
22.04.2015,24,Миле Јанакиески,ВМРО-ДПМНЕ,политичар,Горан Иванов,,
22.04.2015,25,Горан Иванов,,,Драган Павловиќ Латас,Независен,новинар
22.04.2015,26,Горан Иванов,,,Драган Павловиќ Латас,Независен,новинар
23.04.2015,1,Гордана Јанкуловска,ВМРО-ДПМНЕ,политичар,Илија Димовски,,
23.04.2015,2,Ивона Талеска,,,Драган Павловиќ Латас,Независен,новинар
23.04.2015,3,Гордана Јанкуловска,ВМРО-ДПМНЕ,политичар,Сашо Мијалков,ВМРО-ДПМНЕ,политичар
23.04.2015,4,Гордана Јанкуловска,ВМРО-ДПМНЕ,политичар,Сашо Мијалков,ВМРО-ДПМНЕ,политичар
23.04.2015,5,Гордана Јанкуловска,ВМРО-ДПМНЕ,политичар,Никола Груевски,ВМРО-ДПМНЕ,политичар
25.04.2015,1,Сашо Акимовски,,,Влатко Чинговски,,
25.04.2015,2,Дарко Димитриески,,,Антонио Милошоски,,
25.04.2015,3,Гордана Јанкуловска,ВМРО-ДПМНЕ,политичар,Сашо Мијалков,ВМРО-ДПМНЕ,политичар
25.04.2015,4,Силвана Бонева,,,Никола Груевски,ВМРО-ДПМНЕ,политичар
25.04.2015,5,Гордана Јанкуловска,,,Никола Груевски,ВМРО-ДПМНЕ,политичар
25.04.2015,6,Муса Џафери,,,Сашо Мијалков,ВМРО-ДПМНЕ,политичар
25.04.2015,7,Драган Павловиќ Латас,Независен,новинар,Мартин Протугер,,
29.04.2015,1,Гордана Јанкуловска,ВМРО-ДПМНЕ,политичар,Иво Котевски,,
29.04.2015,2,Гордана Јанкуловска,ВМРО-ДПМНЕ,политичар,Трајко Вељаноски,,
29.04.2015,3,Емил Стојменов,,,Сашо Мијалков,ВМРО-ДПМНЕ,политичар
29.04.2015,4,Гордана Јанкуловска,ВМРО-ДПМНЕ,политичар,Љупчо Тодоровски,,
29.04.2015,5,Гордана Јанкуловска,ВМРО-ДПМНЕ,политичар,Сашо Мијалков,ВМРО-ДПМНЕ,политичар
29.04.2015,6,Емил Стојменов,,,Сашо Мијалков,ВМРО-ДПМНЕ,политичар
29.04.2015,7,Гордана Јанкуловска,ВМРО-ДПМНЕ,политичар,Трајко Вељаноски,,
29.04.2015,8,Гордана Јанкуловска,ВМРО-ДПМНЕ,политичар,Трајко Вељаноски,,
29.04.2015,9,Гордана Јанкуловска,ВМРО-ДПМНЕ,политичар,Сашо Мијалков,ВМРО-ДПМНЕ,политичар
29.04.2015,10,Гордана Јанкуловска,ВМРО-ДПМНЕ,политичар,Сашо Мијалков,ВМРО-ДПМНЕ,политичар
29.04.2015,11,Гордана Јанкуловска,ВМРО-ДПМНЕ,политичар,Сашо Мијалков,ВМРО-ДПМНЕ,политичар
29.04.2015,12,Гордана Јанкуловска,ВМРО-ДПМНЕ,политичар,Никола Поповски,,
29.04.2015,13,Гордана Јанкуловска,ВМРО-ДПМНЕ,политичар,Митко Чавков,,
30.04.2015,1,Миле Јанакиески,ВМРО-ДПМНЕ,политичар,Александар Панов,,
30.04.2015,2,Миле Јанакиески,ВМРО-ДПМНЕ,политичар,Александар Панов,,
30.04.2015,3,Зоран Ставрески,ВМРО-ДПМНЕ,политичар,Александар Панов,,
30.04.2015,4,Миле Јанакиески,ВМРО-ДПМНЕ,политичар,Александар Панов,,
30.04.2015,5,Миле Јанакиески,ВМРО-ДПМНЕ,политичар,Александар Панов,,
30.04.2015,6,Влатко Мијалков,ВМРО-ДПМНЕ,политичар,Ќире Шошев ,,
30.04.2015,7,Влатко Мијалков,ВМРО-ДПМНЕ,политичар,Ќире Шошев ,,
30.04.2015,8,Влатко Мијалков,ВМРО-ДПМНЕ,политичар,Ќире Шошев ,,
30.04.2015,9,Миле Јанакиески,ВМРО-ДПМНЕ,политичар,Александар Панов,,
30.04.2015,10,Миле Јанакиески,ВМРО-ДПМНЕ,политичар,Мартин Протугер,ВМРО-ДПМНЕ,политичар
30.04.2015,11,Слободан Николовски-Цобе,,,Сашо Мијалков,ВМРО-ДПМНЕ,политичар
30.04.2015,12,Слободан Николовски-Цобе,,,Сашо Мијалков,ВМРО-ДПМНЕ,политичар
30.04.2015,13,Слободан Николовски-Цобе,,,Сашо Мијалков,ВМРО-ДПМНЕ,политичар
30.04.2015,14,Слободан Николовски-Цобе,,,Сашо Мијалков,ВМРО-ДПМНЕ,политичар
30.04.2015,15,Слободан Николовски-Цобе,,,Сашо Мијалков,ВМРО-ДПМНЕ,политичар
30.04.2015,16,Муса Џафери,,,Сашо Мијалков,ВМРО-ДПМНЕ,политичар
30.04.2015,17,Слободан Николовски-Цобе,,,Сашо Мијалков,ВМРО-ДПМНЕ,политичар
30.04.2015,18,Слободан Николовски-Цобе,,,Сашо Мијалков,ВМРО-ДПМНЕ,политичар
30.04.2015,19,Дејан Митровски-Урко,,,Сашо Мијалков,ВМРО-ДПМНЕ,политичар
30.04.2015,20,Слободан Николовски-Цобе,,,Сашо Мијалков,ВМРО-ДПМНЕ,политичар
30.04.2015,21,Слободан Николовски-Цобе,,,Сашо Мијалков,ВМРО-ДПМНЕ,политичар
